group	filter	min_discovered	min_executed	skip
surface-dialog-theme	render_tests	30	30	-
shortcut-help	shortcut_help	3	3	-
preset-picker	preset_picker	18	18	-
ime-window-geometry	window_ime	15	14	measure_cjk_font_load_headless
action-guard	tc_050_	8	8	-
bounded-action	tc_150_	3	3	-
bounded-kind	tc_151_	5	5	-
bounded-index	tc_152_	4	4	-
terminal-settlement	tc_153_	10	10	-
tab-ownership	tc_154_	5	4	perf_tc_154_tab_transition_coordinator_p95_stays_below_hard_ceiling
background-routing	tab_background_responses	9	9	-
stale-routing	stale	9	9	-
